CUSTOM.dateTime,OSD.flyTime,OSD.latitude,OSD.longitude,OSD.height,OSD.heightMax,OSD.vpsHeight,OSD.altitude,OSD.xSpeed,OSD.xSpeedMax,OSD.ySpeed,OSD.ySpeedMax,OSD.zSpeed,OSD.zSpeedMax,OSD.pitch,OSD.roll,OSD.yaw,OSD.flycState,OSD.flycCommand,OSD.flightAction,OSD.isGPSUsed,OSD.nonGPSCause,OSD.gpsNum,OSD.gpsLevel,OSD.droneType,OSD.isSwaveWork,OSD.waveError,OSD.goHomeStatus,OSD.batteryType,OSD.isOnGround,OSD.isMotorOn,OSD.isMotorBlocked,OSD.motorStartFailedCause,OSD.isImuPreheated,OSD.imuInitFailReason,OSD.isAcceleratorOverRange,OSD.isBarometerDeadInAir,OSD.isCompassError,OSD.isGoHomeHeightModified,OSD.canIOCWork,OSD.isNotEnoughForce,OSD.isOutOfLimit,OSD.isPropellerCatapult,OSD.isVibrating,OSD.isVisionUsed,OSD.voltageWarning,GIMBAL.mode,GIMBAL.pitch,GIMBAL.roll,GIMBAL.yaw,GIMBAL.isPitchAtLimit,GIMBAL.isRollAtLimit,GIMBAL.isYawAtLimit,GIMBAL.isStuck,CAMERA.isPhoto,CAMERA.isVideo,CAMERA.sdCardIsInserted,CAMERA.sdCardState,RC.downlinkSignal,RC.uplinkSignal,RC.aileron,RC.elevator,RC.throttle,RC.rudder,BATTERY.chargeLevel,BATTERY.voltage,BATTERY.current,BATTERY.currentCapacity,BATTERY.fullCapacity,BATTERY.cellNum,BATTERY.isCellVoltageEstimated,BATTERY.cellVoltage1,BATTERY.cellVoltage2,BATTERY.cellVoltageDeviation,BATTERY.maxCellVoltageDeviation,BATTERY.temperature,BATTERY.minTemperature,BATTERY.maxTemperature,HOME.latitude,HOME.longitude,HOME.altitude,HOME.heightLimit,HOME.isHomeRecord,HOME.goHomeMode,HOME.isDynamicHomePointEnabled,HOME.isNearDistanceLimit,HOME.isNearHeightLimit,HOME.isCompassCalibrating,HOME.compassCalibrationState,HOME.isMultipleModeEnabled,HOME.isBeginnerMode,HOME.isIOCEnabled,HOME.IOCMode,HOME.goHomeHeight,HOME.IOCCourseLockAngle,HOME.maxAllowedHeight,HOME.currentFlightRecordIndex,RECOVER.appPlatform,RECOVER.appVersion,RECOVER.aircraftName,RECOVER.aircraftSerial,RECOVER.cameraSerial,RECOVER.rcSerial,RECOVER.batterySerial,APP.tip,APP.warn,DETAILS.totalTime,DETAILS.totalDistance,DETAILS.maxHeight,DETAILS.maxHorizontalSpeed,DETAILS.maxVerticalSpeed,DETAILS.photoNum,DETAILS.videoTime,DETAILS.aircraftName,DETAILS.aircraftSerial,DETAILS.cameraSerial,DETAILS.rcSerial,DETAILS.appPlatform,DETAILS.appVersion
1970-01-01T00:00:00Z,300.7,1.5576233240617665,103.64077274672637,0.0,0.0,0.0,0.0,0.0,0.0,0.0,0.0,0.0,0.0,-1.2,1.4,-71.6,GPSAtti,GoHome,None,true,Already,32,5,Mini4Pro,false,false,Standby,Smart,true,true,false,None,true,MonitorError,false,false,false,false,false,false,false,false,false,false,0,YawFollow,0.0,0.0,-67.7,false,false,false,false,false,false,true,Full,,90,385,364,374,1684,73,8.005,1.084,1846,2542,2,true,4.0025,4.0025,0.0,0.0,50.4,50.4,50.4,0.0,0.0,0.0,0.0,false,,false,false,false,false,,false,false,false,,0,,0.0,0,DJIFly,1.16.0,DJI Mini 4 Pro,1581F6Z9C2475003,6TVFM5L0M2X4BC,6UZBM7202100WJ,7BVPM66DA2003H,Flight mode changed to GPSAtti.,,4.2,0.00018474658,0.0,0.0,0.0,0,0,DJI Mini 4 Pro,1581F6Z9C2475003,6TVFM5L0M2X4BC,6UZBM7202100WJ,DJIFly,1.16.0
2025-06-20T01:10:24.611Z,300.8,1.5576233230389427,103.64077275149248,0.0,0.0,0.0,0.0,0.0,0.0,0.0,0.0,0.0,0.0,-1.2,1.4,-71.6,GPSAtti,GoHome,None,true,Already,32,5,Mini4Pro,false,false,Standby,Smart,true,true,false,None,true,MonitorError,false,false,false,false,false,false,false,false,false,false,0,YawFollow,0.0,0.0,-67.7,false,false,false,false,false,false,true,Full,,90,386,364,374,1684,73,8.005,1.084,1846,2542,2,true,4.0025,4.0025,0.0,0.0,50.4,50.4,50.4,0.0,0.0,0.0,0.0,false,,false,false,false,false,,false,false,false,,0,,0.0,0,DJIFly,1.16.0,DJI Mini 4 Pro,1581F6Z9C2475003,6TVFM5L0M2X4BC,6UZBM7202100WJ,7BVPM66DA2003H,,,4.2,0.00018474658,0.0,0.0,0.0,0,0,DJI Mini 4 Pro,1581F6Z9C2475003,6TVFM5L0M2X4BC,6UZBM7202100WJ,DJIFly,1.16.0
2025-06-20T01:10:24.712Z,300.9,1.5576233196406395,103.64077276288978,0.0,0.0,0.0,0.0,0.0,0.0,0.0,0.0,0.0,0.0,-1.2,1.4,-71.6,EngineStart,GoHome,None,true,Already,32,5,Mini4Pro,false,false,Standby,Smart,true,true,false,None,true,MonitorError,false,false,false,false,false,false,false,false,false,false,0,YawFollow,0.0,0.0,-67.7,false,false,false,false,false,false,true,Full,,90,387,364,372,1684,73,8.005,1.084,1846,2542,2,true,4.0025,4.0025,0.0,0.0,50.4,50.4,50.4,0.0,0.0,0.0,0.0,false,,false,false,false,false,,false,false,false,,0,,0.0,0,DJIFly,1.16.0,DJI Mini 4 Pro,1581F6Z9C2475003,6TVFM5L0M2X4BC,6UZBM7202100WJ,7BVPM66DA2003H,Flight mode changed to EngineStart.,,4.2,0.00018474658,0.0,0.0,0.0,0,0,DJI Mini 4 Pro,1581F6Z9C2475003,6TVFM5L0M2X4BC,6UZBM7202100WJ,DJIFly,1.16.0
2025-06-20T01:10:24.813Z,301.0,1.5576233163272037,103.64077277265123,0.0,0.0,0.0,0.0,0.0,0.0,0.0,0.0,0.0,0.0,-1.1,1.4,-71.6,EngineStart,GoHome,None,true,Already,32,5,Mini4Pro,false,false,Standby,Smart,true,true,false,None,true,MonitorError,false,false,false,false,false,false,false,false,false,false,0,YawFollow,0.0,0.0,-67.7,false,false,false,false,false,false,true,Full,90,90,387,364,372,1684,73,8.005,1.084,1846,2542,2,false,4.003,4.002,0.001,0.001,50.4,50.4,50.4,0.0,0.0,0.0,0.0,false,,false,false,false,false,,false,false,false,,0,,0.0,0,DJIFly,1.16.0,DJI Mini 4 Pro,1581F6Z9C2475003,6TVFM5L0M2X4BC,6UZBM7202100WJ,7BVPM66DA2003H,,,4.2,0.00018474658,0.0,0.0,0.0,0,0,DJI Mini 4 Pro,1581F6Z9C2475003,6TVFM5L0M2X4BC,6UZBM7202100WJ,DJIFly,1.16.0
2025-06-20T01:10:24.914Z,301.1,1.5576233223175713,103.64077277962632,0.0,0.0,0.1,0.0,0.0,0.0,0.0,0.0,0.0,0.0,-1.2,1.4,-71.6,EngineStart,GoHome,None,true,Already,32,5,Mini4Pro,true,false,Standby,Smart,true,true,false,None,true,MonitorError,false,false,false,false,false,false,false,false,false,false,0,YawFollow,0.0,0.0,-67.7,false,false,false,false,false,false,true,Full,90,90,386,364,372,1684,73,8.005,1.084,1846,2542,2,false,4.003,4.002,0.001,0.001,50.4,50.4,50.4,0.0,0.0,0.0,0.0,false,,false,false,false,false,,false,false,false,,0,,0.0,0,DJIFly,1.16.0,DJI Mini 4 Pro,1581F6Z9C2475003,6TVFM5L0M2X4BC,6UZBM7202100WJ,7BVPM66DA2003H,,,4.2,0.00018474658,0.0,0.0,0.0,0,0,DJI Mini 4 Pro,1581F6Z9C2475003,6TVFM5L0M2X4BC,6UZBM7202100WJ,DJIFly,1.16.0
2025-06-20T01:10:25.015Z,301.2,1.5576233379902975,103.64077274862146,0.0,0.0,0.1,0.0,0.0,0.0,0.0,0.0,0.0,0.0,-1.2,1.4,-71.6,EngineStart,GoHome,None,true,Already,32,5,Mini4Pro,true,false,Standby,Smart,true,true,false,None,true,MonitorError,false,false,false,false,false,false,false,false,false,false,0,YawFollow,0.0,0.0,-67.7,false,false,false,false,false,false,true,Full,90,90,386,364,374,1684,73,8.005,1.084,1846,2542,2,false,4.003,4.002,0.001,0.001,50.4,50.4,50.4,0.0,0.0,0.0,0.0,false,,false,false,false,false,,false,false,false,,0,,0.0,0,DJIFly,1.16.0,DJI Mini 4 Pro,1581F6Z9C2475003,6TVFM5L0M2X4BC,6UZBM7202100WJ,7BVPM66DA2003H,,,4.2,0.00018474658,0.0,0.0,0.0,0,0,DJI Mini 4 Pro,1581F6Z9C2475003,6TVFM5L0M2X4BC,6UZBM7202100WJ,DJIFly,1.16.0
2025-06-20T01:10:25.117Z,301.3,1.557623336079982,103.64077273451919,0.0,0.0,0.1,31.975708,0.0,0.0,0.0,0.0,0.0,0.0,-1.2,1.4,-71.6,EngineStart,GoHome,None,true,Already,32,5,Mini4Pro,true,false,Standby,Smart,true,true,false,None,true,MonitorError,false,false,false,false,false,false,false,false,false,false,0,YawFollow,0.0,0.0,-67.7,false,false,false,false,false,false,true,Full,90,90,385,364,374,1684,73,8.005,1.084,1846,2542,2,false,4.003,4.002,0.001,0.001,50.4,50.4,50.4,1.557622187294087,103.64077920006686,31.975708,120.0,true,FixedHeight,false,false,false,false,,true,false,false,,100,,120.0,41,DJIFly,1.16.0,DJI Mini 4 Pro,1581F6Z9C2475003,6TVFM5L0M2X4BC,6UZBM7202100WJ,7BVPM66DA2003H,,,4.2,0.00018474658,0.0,0.0,0.0,0,0,DJI Mini 4 Pro,1581F6Z9C2475003,6TVFM5L0M2X4BC,6UZBM7202100WJ,DJIFly,1.16.0
2025-06-20T01:10:25.218Z,301.4,1.557623311730051,103.64077274034156,0.0,0.0,0.1,31.975708,0.0,0.0,0.0,0.0,0.0,0.0,-1.2,1.4,-71.6,EngineStart,GoHome,None,true,Already,32,5,Mini4Pro,true,false,Standby,Smart,true,true,false,None,true,MonitorError,false,false,false,false,false,false,false,false,false,false,0,YawFollow,0.0,0.0,-67.7,false,false,false,false,false,false,true,Full,90,90,457,364,453,1683,73,8.005,1.084,1846,2542,2,false,4.003,4.002,0.001,0.001,50.4,50.4,50.4,1.557622187294087,103.64077920006686,31.975708,120.0,true,FixedHeight,false,false,false,false,,true,false,false,,100,,120.0,41,DJIFly,1.16.0,DJI Mini 4 Pro,1581F6Z9C2475003,6TVFM5L0M2X4BC,6UZBM7202100WJ,7BVPM66DA2003H,,,4.2,0.00018474658,0.0,0.0,0.0,0,0,DJI Mini 4 Pro,1581F6Z9C2475003,6TVFM5L0M2X4BC,6UZBM7202100WJ,DJIFly,1.16.0
2025-06-20T01:10:25.319Z,301.5,1.5576233184988142,103.64077273292406,0.0,0.0,0.1,31.975708,0.0,0.0,0.0,0.0,0.0,0.0,-1.2,1.4,-71.6,EngineStart,GoHome,None,true,Already,32,5,Mini4Pro,true,false,Standby,Smart,true,true,false,None,true,MonitorError,false,false,false,false,false,false,false,false,false,false,0,YawFollow,0.0,0.0,-67.7,false,false,false,false,false,false,true,Full,90,90,969,1024,1024,1024,73,8.005,1.084,1846,2542,2,false,4.003,4.002,0.001,0.001,50.4,50.4,50.4,1.557622187294087,103.64077920006686,31.975708,120.0,true,FixedHeight,false,false,false,false,,true,false,false,,100,,120.0,41,DJIFly,1.16.0,DJI Mini 4 Pro,1581F6Z9C2475003,6TVFM5L0M2X4BC,6UZBM7202100WJ,7BVPM66DA2003H,,,4.2,0.00018474658,0.0,0.0,0.0,0,0,DJI Mini 4 Pro,1581F6Z9C2475003,6TVFM5L0M2X4BC,6UZBM7202100WJ,DJIFly,1.16.0
2025-06-20T01:10:25.419Z,301.6,1.557623333573588,103.64077275251448,0.0,0.0,0.1,31.975708,0.0,0.0,0.0,0.0,0.0,0.0,-1.2,1.4,-71.6,EngineStart,GoHome,None,true,Already,32,5,Mini4Pro,true,false,Standby,Smart,true,true,false,None,true,MonitorError,false,false,false,false,false,false,false,false,false,false,0,YawFollow,0.0,0.0,-67.7,false,false,false,false,false,false,true,Full,90,90,1024,1024,1024,1024,73,8.005,1.084,1846,2542,2,false,4.003,4.002,0.001,0.001,50.4,50.4,50.4,1.557622187294087,103.64077920006686,31.975708,120.0,true,FixedHeight,false,false,false,false,,true,false,false,,100,,120.0,41,DJIFly,1.16.0,DJI Mini 4 Pro,1581F6Z9C2475003,6TVFM5L0M2X4BC,6UZBM7202100WJ,7BVPM66DA2003H,,,4.2,0.00018474658,0.0,0.0,0.0,0,0,DJI Mini 4 Pro,1581F6Z9C2475003,6TVFM5L0M2X4BC,6UZBM7202100WJ,DJIFly,1.16.0
2025-06-20T01:10:25.521Z,301.7,1.5576233591018884,103.64077276232307,0.0,0.0,0.1,31.975708,0.0,0.0,0.0,0.0,0.0,0.0,-1.2,1.4,-71.6,EngineStart,GoHome,None,true,Already,32,5,Mini4Pro,true,false,Standby,Smart,true,true,false,None,true,MonitorError,false,false,false,false,false,false,false,false,false,false,0,YawFollow,0.0,0.0,-67.7,false,false,false,false,false,false,true,Full,0,90,1024,1024,1024,1024,73,8.005,1.084,1846,2542,2,false,4.003,4.002,0.001,0.001,50.4,50.4,50.4,1.557622187294087,103.64077920006686,31.975708,120.0,true,FixedHeight,false,false,false,false,,true,false,false,,100,,120.0,41,DJIFly,1.16.0,DJI Mini 4 Pro,1581F6Z9C2475003,6TVFM5L0M2X4BC,6UZBM7202100WJ,7BVPM66DA2003H,,,4.2,0.00018474658,0.0,0.0,0.0,0,0,DJI Mini 4 Pro,1581F6Z9C2475003,6TVFM5L0M2X4BC,6UZBM7202100WJ,DJIFly,1.16.0
2025-06-20T01:10:25.622Z,301.8,1.5576233522427696,103.64077277405568,0.0,0.0,0.1,31.975708,0.0,0.0,0.0,0.0,0.0,0.0,-1.2,1.4,-71.6,EngineStart,GoHome,None,true,Already,32,5,Mini4Pro,true,false,Standby,Smart,true,true,false,None,true,MonitorError,false,false,false,false,false,false,false,false,false,false,0,YawFollow,0.0,0.0,-67.7,false,false,false,false,false,false,true,Full,0,90,1024,1024,1024,1024,73,8.005,1.084,1846,2542,2,false,4.003,4.002,0.001,0.001,50.4,50.4,50.4,1.557622187294087,103.64077920006686,31.975708,120.0,true,FixedHeight,false,false,false,false,,true,false,false,,100,,120.0,41,DJIFly,1.16.0,DJI Mini 4 Pro,1581F6Z9C2475003,6TVFM5L0M2X4BC,6UZBM7202100WJ,7BVPM66DA2003H,,,4.2,0.00018474658,0.0,0.0,0.0,0,0,DJI Mini 4 Pro,1581F6Z9C2475003,6TVFM5L0M2X4BC,6UZBM7202100WJ,DJIFly,1.16.0
2025-06-20T01:10:25.726Z,301.9,1.5576233759622204,103.64077277358754,0.0,0.0,0.1,31.975708,0.0,0.0,0.0,0.0,0.0,0.0,-1.3,1.4,-71.6,EngineStart,GoHome,None,true,Already,32,5,Mini4Pro,true,false,Standby,Smart,true,true,false,None,true,MonitorError,false,false,false,false,false,false,false,false,false,false,0,YawFollow,0.0,0.0,-67.7,false,false,false,false,false,false,true,Full,0,90,1024,1024,1024,1024,73,8.005,1.084,1846,2542,2,false,4.003,4.002,0.001,0.001,50.4,50.4,50.4,1.557622187294087,103.64077920006686,31.975708,120.0,true,FixedHeight,false,false,false,false,,true,false,false,,100,,120.0,41,DJIFly,1.16.0,DJI Mini 4 Pro,1581F6Z9C2475003,6TVFM5L0M2X4BC,6UZBM7202100WJ,7BVPM66DA2003H,,,4.2,0.00018474658,0.0,0.0,0.0,0,0,DJI Mini 4 Pro,1581F6Z9C2475003,6TVFM5L0M2X4BC,6UZBM7202100WJ,DJIFly,1.16.0
2025-06-20T01:10:25.829Z,302.0,1.557623357309771,103.64077276637356,0.0,0.0,0.1,31.975708,0.0,0.0,0.0,0.0,0.0,0.0,-1.3,1.4,-71.6,EngineStart,GoHome,None,true,Already,32,5,Mini4Pro,true,false,Standby,Smart,true,true,false,None,true,MonitorError,false,false,false,false,false,false,false,false,false,false,0,YawFollow,0.0,0.0,-67.7,false,false,false,false,false,false,true,Full,90,90,1024,1024,1024,1024,73,7.987,1.628,1845,2542,2,false,4.003,4.002,0.001,0.001,50.4,50.4,50.4,1.557622187294087,103.64077920006686,31.975708,120.0,true,FixedHeight,false,false,false,false,,true,false,false,,100,,120.0,41,DJIFly,1.16.0,DJI Mini 4 Pro,1581F6Z9C2475003,6TVFM5L0M2X4BC,6UZBM7202100WJ,7BVPM66DA2003H,,,4.2,0.00018474658,0.0,0.0,0.0,0,0,DJI Mini 4 Pro,1581F6Z9C2475003,6TVFM5L0M2X4BC,6UZBM7202100WJ,DJIFly,1.16.0
2025-06-20T01:10:25.929Z,302.1,1.5576233901709204,103.6407727870224,0.0,0.0,0.1,31.975708,0.0,0.0,0.0,0.0,0.0,0.0,-1.3,1.4,-71.6,EngineStart,GoHome,None,true,Already,32,5,Mini4Pro,true,false,Standby,Smart,true,true,false,None,true,MonitorError,false,false,false,false,false,false,false,false,false,false,0,YawFollow,0.0,0.0,-67.7,false,false,false,false,false,false,true,Full,90,90,1024,1024,1024,1024,73,7.987,1.628,1845,2542,2,false,4.003,4.002,0.001,0.001,50.4,50.4,50.4,1.557622187294087,103.64077920006686,31.975708,120.0,true,FixedHeight,false,false,false,false,,true,false,false,,100,,120.0,41,DJIFly,1.16.0,DJI Mini 4 Pro,1581F6Z9C2475003,6TVFM5L0M2X4BC,6UZBM7202100WJ,7BVPM66DA2003H,,,4.2,0.00018474658,0.0,0.0,0.0,0,0,DJI Mini 4 Pro,1581F6Z9C2475003,6TVFM5L0M2X4BC,6UZBM7202100WJ,DJIFly,1.16.0
2025-06-20T01:10:26.030Z,302.2,1.5576233859724025,103.64077281651034,0.0,0.0,0.1,31.975708,0.0,0.0,0.0,0.0,0.0,0.0,-1.3,1.4,-71.6,EngineStart,GoHome,None,true,Already,32,5,Mini4Pro,true,false,Standby,Smart,true,true,false,None,true,MonitorError,false,false,false,false,false,false,false,false,false,false,0,YawFollow,0.0,0.0,-67.7,false,false,false,false,false,false,true,Full,90,90,1024,1024,1024,1024,73,7.987,1.628,1845,2542,2,false,4.003,4.002,0.001,0.001,50.4,50.4,50.4,1.557622187294087,103.64077920006686,31.975708,120.0,true,FixedHeight,false,false,false,false,,true,false,false,,100,,120.0,41,DJIFly,1.16.0,DJI Mini 4 Pro,1581F6Z9C2475003,6TVFM5L0M2X4BC,6UZBM7202100WJ,7BVPM66DA2003H,,,4.2,0.00018474658,0.0,0.0,0.0,0,0,DJI Mini 4 Pro,1581F6Z9C2475003,6TVFM5L0M2X4BC,6UZBM7202100WJ,DJIFly,1.16.0
2025-06-20T01:10:26.131Z,302.3,1.5576234730280976,103.64077282558726,0.0,0.0,0.1,31.975708,0.0,0.0,0.0,0.0,0.0,0.0,-1.3,1.4,-71.6,EngineStart,GoHome,None,true,Already,32,5,Mini4Pro,true,false,Standby,Smart,true,true,false,None,true,MonitorError,false,false,false,false,false,false,false,false,false,false,0,YawFollow,0.0,0.0,-67.7,false,false,false,false,false,false,true,Full,90,90,1024,1024,1016,1024,73,7.987,1.628,1845,2542,2,false,4.003,4.002,0.001,0.001,50.4,50.4,50.4,1.557622187294087,103.64077920006686,31.975708,120.0,true,FixedHeight,false,false,false,false,,true,false,false,,100,,120.0,41,DJIFly,1.16.0,DJI Mini 4 Pro,1581F6Z9C2475003,6TVFM5L0M2X4BC,6UZBM7202100WJ,7BVPM66DA2003H,,,4.2,0.00018474658,0.0,0.0,0.0,0,0,DJI Mini 4 Pro,1581F6Z9C2475003,6TVFM5L0M2X4BC,6UZBM7202100WJ,DJIFly,1.16.0
2025-06-20T01:10:26.232Z,302.4,1.5576234525099082,103.6407727735918,0.0,0.0,0.1,31.975708,0.0,0.0,0.0,0.0,0.0,0.0,-1.3,1.4,-71.6,AssistedTakeoff,GoHome,None,true,Already,32,5,Mini4Pro,true,false,Standby,Smart,true,true,false,None,true,MonitorError,false,false,false,false,false,false,false,false,false,false,0,YawFollow,0.0,0.0,-67.7,false,false,false,false,false,false,true,Full,90,90,1024,1024,1024,1024,73,7.987,1.628,1845,2542,2,false,4.003,4.002,0.001,0.001,50.4,50.4,50.4,1.557622187294087,103.64077920006686,31.975708,120.0,true,FixedHeight,false,false,false,false,,true,false,false,,100,,120.0,41,DJIFly,1.16.0,DJI Mini 4 Pro,1581F6Z9C2475003,6TVFM5L0M2X4BC,6UZBM7202100WJ,7BVPM66DA2003H,Flight mode changed to AssistedTakeoff.,,4.2,0.00018474658,0.0,0.0,0.0,0,0,DJI Mini 4 Pro,1581F6Z9C2475003,6TVFM5L0M2X4BC,6UZBM7202100WJ,DJIFly,1.16.0
2025-06-20T01:10:26.334Z,302.5,1.5576235334840776,103.64077276296689,0.0,0.0,0.1,31.975708,0.0,0.0,0.0,0.0,0.0,0.0,-1.3,1.4,-71.6,AssistedTakeoff,GoHome,None,true,Already,32,5,Mini4Pro,true,false,Standby,Smart,true,true,false,None,true,MonitorError,false,false,false,false,false,false,false,false,false,false,0,YawFollow,0.0,0.0,-67.7,false,false,false,false,false,false,true,Full,90,90,1024,1024,1024,1024,73,7.987,1.628,1845,2542,2,false,4.003,4.002,0.001,0.001,50.4,50.4,50.4,1.557622187294087,103.64077920006686,31.975708,120.0,true,FixedHeight,false,false,false,false,,true,false,false,,100,,120.0,41,DJIFly,1.16.0,DJI Mini 4 Pro,1581F6Z9C2475003,6TVFM5L0M2X4BC,6UZBM7202100WJ,7BVPM66DA2003H,,,4.2,0.00018474658,0.0,0.0,0.0,0,0,DJI Mini 4 Pro,1581F6Z9C2475003,6TVFM5L0M2X4BC,6UZBM7202100WJ,DJIFly,1.16.0
2025-06-20T01:10:26.435Z,302.6,1.5576234606627835,103.64077271375358,0.0,0.0,0.1,31.975708,0.0,0.0,0.0,0.0,0.0,0.0,-1.3,1.4,-71.6,AssistedTakeoff,GoHome,None,true,Already,32,5,Mini4Pro,true,false,Standby,Smart,true,true,false,None,true,MonitorError,false,false,false,false,false,false,false,false,false,false,0,YawFollow,0.0,0.0,-67.7,false,false,false,false,false,false,true,Full,90,90,1024,1024,1024,1024,73,7.987,1.628,1845,2542,2,false,4.003,4.002,0.001,0.001,50.4,50.4,50.4,1.557622187294087,103.64077920006686,31.975708,120.0,true,FixedHeight,false,false,false,false,,true,false,false,,100,,120.0,41,DJIFly,1.16.0,DJI Mini 4 Pro,1581F6Z9C2475003,6TVFM5L0M2X4BC,6UZBM7202100WJ,7BVPM66DA2003H,,,4.2,0.00018474658,0.0,0.0,0.0,0,0,DJI Mini 4 Pro,1581F6Z9C2475003,6TVFM5L0M2X4BC,6UZBM7202100WJ,DJIFly,1.16.0
2025-06-20T01:10:26.536Z,302.7,1.5576235255093698,103.64077268580508,0.0,0.0,0.1,31.975708,0.0,0.0,0.0,0.0,0.0,0.0,-1.3,1.4,-71.6,AssistedTakeoff,GoHome,None,true,Already,32,5,Mini4Pro,true,false,Standby,Smart,true,true,false,None,true,MonitorError,false,false,false,false,false,false,false,false,false,false,0,YawFollow,0.0,0.0,-67.7,false,false,false,false,false,false,true,Full,0,90,1024,1024,1024,1024,73,7.987,1.628,1845,2542,2,false,4.003,4.002,0.001,0.001,50.4,50.4,50.4,1.557622187294087,103.64077920006686,31.975708,120.0,true,FixedHeight,false,false,false,false,,true,false,false,,100,,120.0,41,DJIFly,1.16.0,DJI Mini 4 Pro,1581F6Z9C2475003,6TVFM5L0M2X4BC,6UZBM7202100WJ,7BVPM66DA2003H,,,4.2,0.00018474658,0.0,0.0,0.0,0,0,DJI Mini 4 Pro,1581F6Z9C2475003,6TVFM5L0M2X4BC,6UZBM7202100WJ,DJIFly,1.16.0
2025-06-20T01:10:26.637Z,302.8,1.5576233965905766,103.64077271209953,0.0,0.0,0.1,31.975708,0.0,0.0,0.0,0.0,0.0,0.0,-1.3,1.4,-71.6,AssistedTakeoff,GoHome,None,true,Already,32,5,Mini4Pro,true,false,Standby,Smart,true,true,false,None,true,MonitorError,false,false,false,false,false,false,false,false,false,false,0,YawFollow,0.0,0.0,-67.7,false,false,false,false,false,false,true,Full,0,90,1024,1024,1024,1024,73,7.987,1.628,1845,2542,2,false,4.003,4.002,0.001,0.001,50.4,50.4,50.4,1.557622187294087,103.64077920006686,31.975708,120.0,true,FixedHeight,false,false,false,false,,true,false,false,,100,,120.0,41,DJIFly,1.16.0,DJI Mini 4 Pro,1581F6Z9C2475003,6TVFM5L0M2X4BC,6UZBM7202100WJ,7BVPM66DA2003H,,,4.2,0.00018474658,0.0,0.0,0.0,0,0,DJI Mini 4 Pro,1581F6Z9C2475003,6TVFM5L0M2X4BC,6UZBM7202100WJ,DJIFly,1.16.0
2025-06-20T01:10:26.738Z,302.9,1.557623439904449,103.6407727120192,0.0,0.0,0.1,31.975708,0.0,0.0,0.0,0.0,0.0,0.0,-1.3,1.4,-71.6,AssistedTakeoff,GoHome,None,true,Already,32,5,Mini4Pro,true,false,Standby,Smart,true,true,false,None,true,MonitorError,false,false,false,false,false,false,false,false,false,false,0,YawFollow,0.0,0.0,-67.7,false,false,false,false,false,false,true,Full,0,90,1024,1024,1024,1024,73,7.987,1.628,1845,2542,2,false,3.992,3.99,0.002,0.002,50.4,50.4,50.4,1.557622187294087,103.64077920006686,31.975708,120.0,true,FixedHeight,false,false,false,false,,true,false,false,,100,,120.0,41,DJIFly,1.16.0,DJI Mini 4 Pro,1581F6Z9C2475003,6TVFM5L0M2X4BC,6UZBM7202100WJ,7BVPM66DA2003H,,,4.2,0.00018474658,0.0,0.0,0.0,0,0,DJI Mini 4 Pro,1581F6Z9C2475003,6TVFM5L0M2X4BC,6UZBM7202100WJ,DJIFly,1.16.0
2025-06-20T01:10:26.839Z,303.0,1.5576233719434764,103.64077276108576,0.0,0.0,0.1,31.975708,0.0,0.0,0.0,0.0,0.0,0.0,-1.3,1.4,-71.6,AssistedTakeoff,GoHome,None,true,Already,32,5,Mini4Pro,true,false,Standby,Smart,true,true,false,None,true,MonitorError,false,false,false,false,false,false,false,false,false,false,0,YawFollow,0.0,0.0,-67.7,false,false,false,false,false,false,true,Full,90,90,1024,1024,1024,1024,73,7.982,2.532,1844,2542,2,false,3.992,3.99,0.002,0.002,50.4,50.4,50.4,1.557622187294087,103.64077920006686,31.975708,120.0,true,FixedHeight,false,false,false,false,,true,false,false,,100,,120.0,41,DJIFly,1.16.0,DJI Mini 4 Pro,1581F6Z9C2475003,6TVFM5L0M2X4BC,6UZBM7202100WJ,7BVPM66DA2003H,,,4.2,0.00018474658,0.0,0.0,0.0,0,0,DJI Mini 4 Pro,1581F6Z9C2475003,6TVFM5L0M2X4BC,6UZBM7202100WJ,DJIFly,1.16.0
2025-06-20T01:10:26.940Z,303.1,1.5576234024966122,103.64077280388749,0.0,0.0,0.1,31.975708,0.0,0.0,0.0,0.0,0.0,0.0,-1.3,1.4,-71.6,AssistedTakeoff,GoHome,None,true,Already,32,5,Mini4Pro,true,false,Standby,Smart,true,true,false,None,true,MonitorError,false,false,false,false,false,false,false,false,false,false,0,YawFollow,0.0,0.0,-67.7,false,false,false,false,false,false,true,Full,90,90,1024,1024,1024,1024,73,7.982,2.532,1844,2542,2,false,3.992,3.99,0.002,0.002,50.4,50.4,50.4,1.557622187294087,103.64077920006686,31.975708,120.0,true,FixedHeight,false,false,false,false,,true,false,false,,100,,120.0,41,DJIFly,1.16.0,DJI Mini 4 Pro,1581F6Z9C2475003,6TVFM5L0M2X4BC,6UZBM7202100WJ,7BVPM66DA2003H,,,4.2,0.00018474658,0.0,0.0,0.0,0,0,DJI Mini 4 Pro,1581F6Z9C2475003,6TVFM5L0M2X4BC,6UZBM7202100WJ,DJIFly,1.16.0
2025-06-20T01:10:27.041Z,303.2,1.5576233643150648,103.64077283317617,0.0,0.0,0.1,31.975708,0.0,0.0,0.0,0.0,0.0,0.0,-1.3,1.4,-71.6,AssistedTakeoff,GoHome,None,true,Already,32,5,Mini4Pro,true,false,Standby,Smart,true,true,false,None,true,MonitorError,false,false,false,false,false,false,false,false,false,false,0,YawFollow,0.0,0.0,-67.7,false,false,false,false,false,false,true,Full,90,90,1024,1024,856,1172,73,7.982,2.532,1844,2542,2,false,3.992,3.99,0.002,0.002,50.4,50.4,50.4,1.557622187294087,103.64077920006686,31.975708,120.0,true,FixedHeight,false,false,false,false,,true,false,false,,100,,120.0,41,DJIFly,1.16.0,DJI Mini 4 Pro,1581F6Z9C2475003,6TVFM5L0M2X4BC,6UZBM7202100WJ,7BVPM66DA2003H,,,4.2,0.00018474658,0.0,0.0,0.0,0,0,DJI Mini 4 Pro,1581F6Z9C2475003,6TVFM5L0M2X4BC,6UZBM7202100WJ,DJIFly,1.16.0
2025-06-20T01:10:27.143Z,303.3,1.557623389570826,103.64077284776587,0.0,0.0,0.1,31.975708,0.0,0.0,0.0,0.0,0.0,0.0,-1.3,1.4,-71.6,AssistedTakeoff,GoHome,None,true,Already,32,5,Mini4Pro,true,false,Standby,Smart,true,true,false,None,true,MonitorError,false,false,false,false,false,false,false,false,false,false,0,YawFollow,0.0,0.0,-67.7,false,false,false,false,false,false,true,Full,90,90,642,499,364,1604,73,7.982,2.532,1844,2542,2,false,3.992,3.99,0.002,0.002,50.4,50.4,50.4,1.557622187294087,103.64077920006686,31.975708,120.0,true,FixedHeight,false,false,false,false,,true,false,false,,100,,120.0,41,DJIFly,1.16.0,DJI Mini 4 Pro,1581F6Z9C2475003,6TVFM5L0M2X4BC,6UZBM7202100WJ,7BVPM66DA2003H,,,4.2,0.00018474658,0.0,0.0,0.0,0,0,DJI Mini 4 Pro,1581F6Z9C2475003,6TVFM5L0M2X4BC,6UZBM7202100WJ,DJIFly,1.16.0
2025-06-20T01:10:27.245Z,303.4,1.5576233511799216,103.6407727581676,0.0,0.0,0.1,31.975708,0.0,0.0,0.0,0.0,0.0,0.0,-1.3,1.4,-71.6,AssistedTakeoff,GoHome,None,true,Already,32,5,Mini4Pro,true,false,Standby,Smart,true,true,false,None,true,MonitorError,false,false,false,false,false,false,false,false,false,false,0,YawFollow,0.0,0.0,-67.7,false,false,false,false,false,false,true,Full,90,90,492,364,364,1680,73,7.982,2.532,1844,2542,2,false,3.992,3.99,0.002,0.002,50.4,50.4,50.4,1.557622187294087,103.64077920006686,31.975708,120.0,true,FixedHeight,false,false,false,false,,true,false,false,,100,,120.0,41,DJIFly,1.16.0,DJI Mini 4 Pro,1581F6Z9C2475003,6TVFM5L0M2X4BC,6UZBM7202100WJ,7BVPM66DA2003H,,,4.2,0.00018474658,0.0,0.0,0.0,0,0,DJI Mini 4 Pro,1581F6Z9C2475003,6TVFM5L0M2X4BC,6UZBM7202100WJ,DJIFly,1.16.0
2025-06-20T01:10:27.346Z,303.5,1.5576233587901285,103.64077275928067,0.0,0.0,0.1,31.975708,0.0,0.0,0.0,0.0,0.0,0.0,-1.3,1.4,-71.6,AssistedTakeoff,GoHome,None,true,Already,32,5,Mini4Pro,true,false,Standby,Smart,true,true,false,None,true,MonitorError,false,false,false,false,false,false,false,false,false,false,0,YawFollow,0.0,0.0,-67.7,false,false,false,false,false,false,true,Full,90,90,426,364,364,1684,73,7.982,2.532,1844,2542,2,false,3.992,3.99,0.002,0.002,50.4,50.4,50.4,1.557622187294087,103.64077920006686,31.975708,120.0,true,FixedHeight,false,false,false,false,,true,false,false,,100,,120.0,41,DJIFly,1.16.0,DJI Mini 4 Pro,1581F6Z9C2475003,6TVFM5L0M2X4BC,6UZBM7202100WJ,7BVPM66DA2003H,,,4.2,0.00018474658,0.0,0.0,0.0,0,0,DJI Mini 4 Pro,1581F6Z9C2475003,6TVFM5L0M2X4BC,6UZBM7202100WJ,DJIFly,1.16.0
2025-06-20T01:10:27.447Z,303.6,1.5576233254062561,103.64077274794441,0.0,0.0,0.1,31.975708,0.0,0.0,0.0,0.0,0.0,0.0,-1.3,1.4,-71.6,AssistedTakeoff,GoHome,None,true,Already,32,5,Mini4Pro,true,false,Standby,Smart,true,true,false,None,true,MonitorError,false,false,false,false,false,false,false,false,false,false,0,YawFollow,0.0,0.0,-67.7,false,false,false,false,false,false,true,Full,90,90,410,364,364,1684,73,7.982,2.532,1844,2542,2,false,3.992,3.99,0.002,0.002,50.4,50.4,50.4,1.557622187294087,103.64077920006686,31.975708,120.0,true,FixedHeight,false,false,false,false,,true,false,false,,100,,120.0,41,DJIFly,1.16.0,DJI Mini 4 Pro,1581F6Z9C2475003,6TVFM5L0M2X4BC,6UZBM7202100WJ,7BVPM66DA2003H,,,4.2,0.00018474658,0.0,0.0,0.0,0,0,DJI Mini 4 Pro,1581F6Z9C2475003,6TVFM5L0M2X4BC,6UZBM7202100WJ,DJIFly,1.16.0
2025-06-20T01:10:27.548Z,303.7,1.5576233369526151,103.64077275565866,0.0,0.0,0.1,31.975708,0.0,0.0,0.0,0.0,0.0,0.0,-1.3,1.4,-71.6,AssistedTakeoff,GoHome,None,true,Already,32,5,Mini4Pro,true,false,Standby,Smart,true,true,false,None,true,MonitorError,false,false,false,false,false,false,false,false,false,false,0,YawFollow,0.0,0.0,-67.7,false,false,false,false,false,false,true,Full,0,90,409,364,364,1684,73,7.982,2.532,1844,2542,2,false,3.992,3.99,0.002,0.002,50.4,50.4,50.4,1.557622187294087,103.64077920006686,31.975708,120.0,true,FixedHeight,false,false,false,false,,true,false,false,,100,,120.0,41,DJIFly,1.16.0,DJI Mini 4 Pro,1581F6Z9C2475003,6TVFM5L0M2X4BC,6UZBM7202100WJ,7BVPM66DA2003H,,,4.2,0.00018474658,0.0,0.0,0.0,0,0,DJI Mini 4 Pro,1581F6Z9C2475003,6TVFM5L0M2X4BC,6UZBM7202100WJ,DJIFly,1.16.0
2025-06-20T01:10:27.649Z,303.8,1.5576233539074524,103.64077276403391,0.0,0.0,0.1,31.975708,0.0,0.0,0.0,0.0,0.0,0.0,-1.3,1.4,-71.6,AssistedTakeoff,GoHome,None,true,Already,32,5,Mini4Pro,true,false,Standby,Smart,true,true,false,None,true,MonitorError,false,false,false,false,false,false,false,false,false,false,0,YawFollow,0.0,0.0,-67.7,false,false,false,false,false,false,true,Full,0,90,409,364,364,1684,73,7.982,2.532,1844,2542,2,false,3.992,3.99,0.002,0.002,50.4,50.4,50.4,1.557622187294087,103.64077920006686,31.975708,120.0,true,FixedHeight,false,false,false,false,,true,false,false,,100,,120.0,41,DJIFly,1.16.0,DJI Mini 4 Pro,1581F6Z9C2475003,6TVFM5L0M2X4BC,6UZBM7202100WJ,7BVPM66DA2003H,,,4.2,0.00018474658,0.0,0.0,0.0,0,0,DJI Mini 4 Pro,1581F6Z9C2475003,6TVFM5L0M2X4BC,6UZBM7202100WJ,DJIFly,1.16.0
2025-06-20T01:10:27.750Z,303.9,1.5576233423751487,103.64077278938564,0.0,0.0,0.1,31.975708,0.0,0.0,0.0,0.0,0.0,0.0,-1.3,1.4,-71.6,AssistedTakeoff,GoHome,None,true,Already,32,5,Mini4Pro,true,false,Standby,Smart,true,true,false,None,true,MonitorError,false,false,false,false,false,false,false,false,false,false,0,YawFollow,0.0,0.0,-67.7,false,false,false,false,false,false,true,Full,0,90,411,364,364,1684,73,7.982,2.532,1844,2542,2,false,3.992,3.991,0.001,0.002,50.4,50.4,50.4,1.557622187294087,103.64077920006686,31.975708,120.0,true,FixedHeight,false,false,false,false,,true,false,false,,100,,120.0,41,DJIFly,1.16.0,DJI Mini 4 Pro,1581F6Z9C2475003,6TVFM5L0M2X4BC,6UZBM7202100WJ,7BVPM66DA2003H,,,4.2,0.00018474658,0.0,0.0,0.0,0,0,DJI Mini 4 Pro,1581F6Z9C2475003,6TVFM5L0M2X4BC,6UZBM7202100WJ,DJIFly,1.16.0
2025-06-20T01:10:27.852Z,304.0,1.5576233365930674,103.64077281296335,0.0,0.0,0.1,31.975708,0.0,0.0,0.0,0.0,0.0,0.0,-1.3,1.4,-71.6,AssistedTakeoff,GoHome,None,true,Already,32,5,Mini4Pro,true,false,Standby,Smart,true,true,false,None,true,MonitorError,false,false,false,false,false,false,false,false,false,false,0,YawFollow,0.0,0.0,-67.7,false,false,false,false,false,false,true,Full,90,90,411,364,364,1684,73,7.982,2.532,1844,2542,2,false,3.992,3.991,0.001,0.002,50.4,50.4,50.4,1.557622187294087,103.64077920006686,31.975708,120.0,true,FixedHeight,false,false,false,false,,true,false,false,,100,,120.0,41,DJIFly,1.16.0,DJI Mini 4 Pro,1581F6Z9C2475003,6TVFM5L0M2X4BC,6UZBM7202100WJ,7BVPM66DA2003H,,,4.2,0.00018474658,0.0,0.0,0.0,0,0,DJI Mini 4 Pro,1581F6Z9C2475003,6TVFM5L0M2X4BC,6UZBM7202100WJ,DJIFly,1.16.0
2025-06-20T01:10:27.952Z,304.1,1.557623353095324,103.64077289258377,0.0,0.0,0.1,31.975708,0.0,0.0,0.0,0.0,0.0,0.0,-1.3,1.4,-71.6,AssistedTakeoff,GoHome,None,true,Already,32,5,Mini4Pro,true,false,Standby,Smart,true,true,false,None,true,MonitorError,false,false,false,false,false,false,false,false,false,false,0,YawFollow,0.0,0.0,-67.7,false,false,false,false,false,false,true,Full,90,90,409,364,364,1684,73,7.982,2.532,1844,2542,2,false,3.992,3.991,0.001,0.002,50.4,50.4,50.4,1.557622187294087,103.64077920006686,31.975708,120.0,true,FixedHeight,false,false,false,false,,true,false,false,,100,,120.0,41,DJIFly,1.16.0,DJI Mini 4 Pro,1581F6Z9C2475003,6TVFM5L0M2X4BC,6UZBM7202100WJ,7BVPM66DA2003H,,,4.2,0.00018474658,0.0,0.0,0.0,0,0,DJI Mini 4 Pro,1581F6Z9C2475003,6TVFM5L0M2X4BC,6UZBM7202100WJ,DJIFly,1.16.0
2025-06-20T01:10:28.053Z,304.2,1.5576233603809202,103.64077292302298,0.0,0.0,0.1,31.975708,0.0,0.0,0.0,0.0,0.0,0.0,-1.3,1.4,-71.6,AssistedTakeoff,GoHome,None,true,Already,32,5,Mini4Pro,true,false,Standby,Smart,true,true,false,None,true,MonitorError,false,false,false,false,false,false,false,false,false,false,0,YawFollow,0.0,0.0,-67.7,false,false,false,false,false,false,true,Full,90,90,394,364,364,1684,73,7.982,2.532,1844,2542,2,false,3.992,3.991,0.001,0.002,50.4,50.4,50.4,1.557622187294087,103.64077920006686,31.975708,120.0,true,FixedHeight,false,false,false,false,,true,false,false,,100,,120.0,41,DJIFly,1.16.0,DJI Mini 4 Pro,1581F6Z9C2475003,6TVFM5L0M2X4BC,6UZBM7202100WJ,7BVPM66DA2003H,,,4.2,0.00018474658,0.0,0.0,0.0,0,0,DJI Mini 4 Pro,1581F6Z9C2475003,6TVFM5L0M2X4BC,6UZBM7202100WJ,DJIFly,1.16.0
2025-06-20T01:10:28.155Z,304.3,1.5576233719349097,103.64077292886678,0.0,0.0,0.1,31.975708,0.0,0.0,0.0,0.0,0.0,0.0,-1.3,1.4,-71.6,AssistedTakeoff,GoHome,None,true,Already,32,5,Mini4Pro,true,false,Standby,Smart,true,true,false,None,true,MonitorError,false,false,false,false,false,false,false,false,false,false,0,YawFollow,0.0,0.0,-67.7,false,false,false,false,false,false,true,Full,90,90,387,364,364,1684,73,7.982,2.532,1844,2542,2,false,3.992,3.991,0.001,0.002,50.4,50.4,50.4,1.557622187294087,103.64077920006686,31.975708,120.0,true,FixedHeight,false,false,false,false,,true,false,false,,100,,120.0,41,DJIFly,1.16.0,DJI Mini 4 Pro,1581F6Z9C2475003,6TVFM5L0M2X4BC,6UZBM7202100WJ,7BVPM66DA2003H,,,4.2,0.00018474658,0.0,0.0,0.0,0,0,DJI Mini 4 Pro,1581F6Z9C2475003,6TVFM5L0M2X4BC,6UZBM7202100WJ,DJIFly,1.16.0
2025-06-20T01:10:28.256Z,304.4,1.5576233883316846,103.64077293291942,0.0,0.0,0.1,31.975708,0.0,0.0,0.0,0.0,0.0,0.0,-1.3,1.4,-71.6,AssistedTakeoff,GoHome,None,true,Already,32,5,Mini4Pro,true,false,Standby,Smart,true,true,false,None,true,MonitorError,false,false,false,false,false,false,false,false,false,false,0,YawFollow,0.0,0.0,-67.7,false,false,false,false,false,false,true,Full,90,90,374,364,364,1684,73,7.982,2.532,1844,2542,2,false,3.992,3.991,0.001,0.002,50.4,50.4,50.4,1.557622187294087,103.64077920006686,31.975708,120.0,true,FixedHeight,false,false,false,false,,true,false,false,,100,,120.0,41,DJIFly,1.16.0,DJI Mini 4 Pro,1581F6Z9C2475003,6TVFM5L0M2X4BC,6UZBM7202100WJ,7BVPM66DA2003H,,,4.2,0.00018474658,0.0,0.0,0.0,0,0,DJI Mini 4 Pro,1581F6Z9C2475003,6TVFM5L0M2X4BC,6UZBM7202100WJ,DJIFly,1.16.0
2025-06-20T01:10:28.357Z,304.5,1.55762341440359,103.64077292051834,0.0,0.0,0.1,31.975708,0.0,0.0,0.0,0.0,0.0,0.0,-1.3,1.4,-71.6,AssistedTakeoff,GoHome,None,true,Already,32,5,Mini4Pro,true,false,Standby,Smart,true,true,false,None,true,MonitorError,false,false,false,false,false,false,false,false,false,false,0,YawFollow,0.0,0.0,-67.7,false,false,false,false,false,false,true,Full,90,90,374,364,364,1684,73,7.982,2.532,1844,2542,2,false,3.992,3.991,0.001,0.002,50.4,50.4,50.4,1.557622187294087,103.64077920006686,31.975708,120.0,true,FixedHeight,false,false,false,false,,true,false,false,,100,,120.0,41,DJIFly,1.16.0,DJI Mini 4 Pro,1581F6Z9C2475003,6TVFM5L0M2X4BC,6UZBM7202100WJ,7BVPM66DA2003H,,,4.2,0.00018474658,0.0,0.0,0.0,0,0,DJI Mini 4 Pro,1581F6Z9C2475003,6TVFM5L0M2X4BC,6UZBM7202100WJ,DJIFly,1.16.0
2025-06-20T01:10:28.357Z,304.6,1.557623390890284,103.64077289835686,0.0,0.0,0.1,31.975708,0.0,0.0,0.0,0.0,0.0,0.0,-1.3,1.4,-71.6,AssistedTakeoff,GoHome,None,true,Already,32,5,Mini4Pro,true,false,Standby,Smart,true,true,false,None,true,MonitorError,false,false,false,false,false,false,false,false,false,false,0,YawFollow,0.0,0.0,-67.7,false,false,false,false,false,false,true,Full,90,90,364,364,364,1684,73,7.983,2.159,1843,2542,2,false,3.992,3.991,0.001,0.002,50.4,50.4,50.4,1.557622187294087,103.64077920006686,31.975708,120.0,true,FixedHeight,false,false,false,false,,true,false,false,,100,,120.0,41,DJIFly,1.16.0,DJI Mini 4 Pro,1581F6Z9C2475003,6TVFM5L0M2X4BC,6UZBM7202100WJ,7BVPM66DA2003H,,,4.2,0.00018474658,0.0,0.0,0.0,0,0,DJI Mini 4 Pro,1581F6Z9C2475003,6TVFM5L0M2X4BC,6UZBM7202100WJ,DJIFly,1.16.0
2025-06-20T01:10:28.461Z,304.7,1.5576233643299233,103.64077287900426,0.0,0.0,0.1,31.975708,0.0,0.0,0.0,0.0,0.0,0.0,-1.3,1.4,-71.6,AssistedTakeoff,GoHome,None,true,Already,32,5,Mini4Pro,true,false,Standby,Smart,true,true,false,None,true,MonitorError,false,false,false,false,false,false,false,false,false,false,0,YawFollow,0.0,0.0,-67.7,false,false,false,false,false,false,true,Full,0,90,364,364,364,1684,73,7.983,2.159,1843,2542,2,false,3.992,3.991,0.001,0.002,50.4,50.4,50.4,1.557622187294087,103.64077920006686,31.975708,120.0,true,FixedHeight,false,false,false,false,,true,false,false,,100,,120.0,41,DJIFly,1.16.0,DJI Mini 4 Pro,1581F6Z9C2475003,6TVFM5L0M2X4BC,6UZBM7202100WJ,7BVPM66DA2003H,,,4.2,0.00018474658,0.0,0.0,0.0,0,0,DJI Mini 4 Pro,1581F6Z9C2475003,6TVFM5L0M2X4BC,6UZBM7202100WJ,DJIFly,1.16.0
2025-06-20T01:10:28.560Z,304.8,1.557623322331225,103.64077290100933,0.0,0.0,0.1,31.975708,0.0,0.0,0.0,0.0,0.0,0.0,-1.3,1.4,-71.6,AssistedTakeoff,GoHome,None,true,Already,32,5,Mini4Pro,true,false,Standby,Smart,true,true,false,None,true,MonitorError,false,false,false,false,false,false,false,false,false,false,0,YawFollow,0.0,0.0,-67.7,false,false,false,false,false,false,true,Full,0,90,364,364,364,1684,73,7.983,2.159,1843,2542,2,false,3.992,3.991,0.001,0.002,50.4,50.4,50.4,1.557622187294087,103.64077920006686,31.975708,120.0,true,FixedHeight,false,false,false,false,,true,false,false,,100,,120.0,41,DJIFly,1.16.0,DJI Mini 4 Pro,1581F6Z9C2475003,6TVFM5L0M2X4BC,6UZBM7202100WJ,7BVPM66DA2003H,,,4.2,0.00018474658,0.0,0.0,0.0,0,0,DJI Mini 4 Pro,1581F6Z9C2475003,6TVFM5L0M2X4BC,6UZBM7202100WJ,DJIFly,1.16.0
2025-06-20T01:10:28.763Z,304.9,1.5576233384435476,103.64077289526622,0.0,0.0,0.1,31.975708,0.0,0.0,0.0,0.0,0.0,0.0,-1.3,1.4,-71.6,AssistedTakeoff,GoHome,None,true,Already,32,5,Mini4Pro,true,false,Standby,Smart,true,true,false,None,true,MonitorError,false,false,false,false,false,false,false,false,false,false,0,YawFollow,0.0,0.0,-67.7,false,false,false,false,false,false,true,Full,0,90,364,364,364,1684,73,7.983,2.159,1843,2542,2,false,3.992,3.991,0.001,0.002,50.4,50.4,50.4,1.557622187294087,103.64077920006686,31.975708,120.0,true,FixedHeight,false,false,false,false,,true,false,false,,100,,120.0,41,DJIFly,1.16.0,DJI Mini 4 Pro,1581F6Z9C2475003,6TVFM5L0M2X4BC,6UZBM7202100WJ,7BVPM66DA2003H,,,4.2,0.00018474658,0.0,0.0,0.0,0,0,DJI Mini 4 Pro,1581F6Z9C2475003,6TVFM5L0M2X4BC,6UZBM7202100WJ,DJIFly,1.16.0
